Frame,Arm Reach,Cadence,Objects,Area Size
1,0.028689510352831234,,1,2070601.0
2,0.04547304888294372,1.0,0,0.0
3,0.026560190783723528,1.0,1356,120423.5
4,0.0038627194694853873,1.0,1789,89177.5
5,0.02632449082944797,1.0,1102,234308.0
6,0.04352076243445466,1.0,817,508396.5
7,0.07933529084664183,1.0,743,380674.5
8,0.05285256368317949,1.0,1216,285458.5
9,,1.0,1763,102500.0
10,,1.0,2851,82073.5
11,0.01987635327541089,3.0,3145,127996.0
12,0.07353180873570157,1.0,2745,138142.5
13,,1.0,2110,282911.5
14,0.039880421850356604,2.0,2529,297250.5
15,,2.0,2662,80551.5
16,,2.0,2922,46394.0
17,0.0752898134366851,3.0,3658,177193.5
18,,3.0,3123,208492.5
19,,3.0,3205,364047.0
20,,3.0,3398,236643.0
21,,3.0,3118,299063.5
22,,3.0,3446,320402.5
23,,3.0,3629,236331.5
24,0.04845635303102782,7.0,3891,223053.0
25,,7.0,3170,227277.0
26,,7.0,2413,284610.0
27,,7.0,2850,491741.5
28,,7.0,2355,632535.5
29,,7.0,2545,701905.5
30,,7.0,2562,493141.0
31,,7.0,2082,565118.0
32,,7.0,2548,551548.0
33,,7.0,2722,682804.5
34,,7.0,3140,747667.5
35,,7.0,3039,732043.0
36,,7.0,4114,469114.0
37,,7.0,4918,427552.5
38,,7.0,5399,417381.0
39,,7.0,5078,343865.0
40,,7.0,4771,395182.0
41,,7.0,3703,456053.0
42,,7.0,3743,577696.5
43,,7.0,3512,640033.5
44,,7.0,3812,685688.0
45,,7.0,3817,486449.5
46,,7.0,3817,481054.0
47,,7.0,3945,594126.0
48,,7.0,4568,470049.0
49,,7.0,4638,467742.5
50,,7.0,4495,354155.5
51,,7.0,3903,340429.0
52,,7.0,3268,395792.5
53,,7.0,3122,296586.5
54,,7.0,2677,355092.5
55,,7.0,3301,280181.5
56,,7.0,3263,568101.0
57,,7.0,3186,433694.0
58,,7.0,3550,930718.5
59,,7.0,2571,1096105.0
60,,7.0,3789,780787.5
61,,7.0,4262,450945.0
62,0.06304746606649324,38.0,3657,791015.0
63,0.05492556638870484,1.0,3466,813029.0
64,0.052680746924167465,1.0,3578,804725.0
65,0.05473913861724227,1.0,3915,780343.0
66,0.050487903690506944,1.0,4233,746431.0
67,0.02904977716092381,1.0,5144,521118.5
68,0.02342309475104613,1.0,5226,452516.0
69,0.011597969329443765,1.0,5098,438485.0
70,0.022622889207899125,1.0,5072,423740.0
71,0.025716039969392326,1.0,5493,380847.0
72,0.024371732456873317,1.0,5858,369297.5
73,0.02315242389810943,1.0,6328,290538.0
74,0.015026935606094248,1.0,6570,282379.5
75,0.01558427857634416,1.0,7025,241411.5
76,0.01836818558783467,1.0,7252,302017.0
77,0.011950145230005947,1.0,6976,333415.5
78,0.012021732737415807,1.0,7230,180237.0
79,0.00885645476600331,1.0,6897,371451.0
80,0.02856021935644768,1.0,6854,426980.0
81,0.03442798490675065,1.0,5051,589162.5
82,0.045397559005492485,1.0,4079,683358.0
83,0.040643188242943544,1.0,3306,780854.5
84,0.028382183419457262,1.0,2698,1104468.5
85,0.026610968202587126,1.0,2896,840932.0
86,0.02947909964087626,1.0,2850,1158258.0
87,0.036787669181380094,1.0,3024,1158435.5
88,0.043804420927424995,1.0,3004,859488.0
89,0.015341908105837061,1.0,3062,875323.5
90,0.0367384629931579,1.0,3021,872513.0
91,0.039010171140370545,1.0,4780,600410.5
92,0.02971466382824136,1.0,5436,575233.5
93,0.01738543662653336,1.0,6093,557513.0
94,0.014759163714325672,1.0,6930,521986.0
95,0.0140879556792568,1.0,7552,466002.5
96,0.005775088876243603,1.0,8061,428965.5
97,0.017705174166072073,1.0,7891,433627.5
98,0.019628102311390675,1.0,7742,330070.0
99,0.024316745188001233,1.0,7547,328386.0
100,0.04766214389444092,1.0,7584,332641.5
101,0.035273312583078316,1.0,7273,365084.5
102,0.02977388702451062,1.0,6876,397124.5
103,0.05431100374905435,1.0,6932,429888.0
104,0.04856356205391262,1.0,6367,500360.5
105,0.056820874204500826,1.0,6817,317629.0
106,0.06239790491204678,1.0,6512,300312.5
107,0.07013672644425246,1.0,5942,322685.5
108,0.0613484857198713,1.0,5604,302057.0
109,0.04133734714656318,1.0,5452,334763.5
110,0.023204318812215602,1.0,5667,324965.0
111,0.023674249345688257,1.0,5461,348876.5
112,0.004449245756016127,1.0,5312,368674.5
113,0.005109221844184288,1.0,5276,362183.0
114,0.004520324570815962,1.0,5464,358206.5
115,0.025727541150658294,1.0,5415,353340.5
116,0.048241127589083214,1.0,5316,377166.5
117,0.02419141688555684,1.0,4843,400184.5
118,0.018879801481820363,1.0,5242,412860.5
119,,1.0,5218,448089.5
120,,1.0,5038,506240.0
121,,1.0,4851,556190.5
122,,1.0,4941,366041.0
123,,1.0,4806,505485.0
124,,1.0,4391,626313.5
125,,1.0,4294,577192.0
126,,1.0,3737,359305.0
127,,1.0,3401,888099.5
128,,1.0,3869,769014.5
129,,1.0,4386,695113.0
130,,1.0,4200,796053.0
131,,1.0,4437,494235.5
132,,1.0,4283,617625.5
133,,1.0,4863,711432.0
134,,1.0,4495,572904.0
135,,1.0,4468,665292.0
136,,1.0,4160,641376.5
137,,1.0,3653,720708.5
138,0.02627439090269413,20.0,4007,683752.0
139,0.044734368792179395,1.0,3725,750493.5
140,0.07873979313031024,1.0,4001,676283.0
141,0.06652018114356209,1.0,3762,780052.0
142,0.04925314942676664,1.0,3558,811904.0
143,,1.0,3303,803854.0
144,,1.0,3744,685666.5
145,0.040676175268671164,3.0,3636,677704.0
146,0.02367761940158895,1.0,3574,657987.0
147,,1.0,3957,511616.0
148,0.015584759910607286,2.0,4278,642058.0
149,0.04532315271548347,1.0,4418,649480.0
150,0.03502912354404726,1.0,4722,693718.0
151,,1.0,5039,638576.0
152,0.11275964396038583,2.0,4969,802303.5
153,0.039688364538657976,1.0,5130,587994.5
154,0.025623111713978262,1.0,4370,620256.5
155,0.02637573710957202,1.0,3596,789741.0
156,0.03421494754451215,1.0,3346,556802.5
157,0.07495858077718925,1.0,5111,466168.5
158,,1.0,3666,794774.5
159,,1.0,2590,1053460.0
160,,1.0,4195,510545.5
161,,1.0,5688,238192.0
162,,1.0,5186,395784.0
163,,1.0,5094,249926.5
164,,1.0,5336,259779.0
165,,1.0,5417,435854.0
166,,1.0,5232,278338.0
167,,1.0,4737,378686.5
168,0.01832990472989372,11.0,4945,245546.0
169,,11.0,4713,263383.5
170,,11.0,5200,285618.0
171,,11.0,5400,271205.0
172,,11.0,5661,284971.0
173,,11.0,6158,322524.0
174,,11.0,5375,329154.5
175,,11.0,6486,243583.0
176,,11.0,6733,233648.0
177,,11.0,6732,260954.5
178,,11.0,7744,239372.5
179,0.03878490013178147,11.0,7402,284618.5
180,,11.0,7783,263104.0
181,0.029139696880618318,2.0,7920,273057.0
182,0.026094112356169,1.0,7512,319388.0
183,,1.0,7955,324325.5
184,0.040491761079875205,2.0,8386,266381.5
185,0.03167032694306813,1.0,8632,306367.5
186,0.032579815961925794,1.0,9000,321769.0
187,0.04023398044074758,1.0,9271,326458.5
188,0.04456816080537646,1.0,9456,268551.5
189,0.04704914595620713,1.0,9421,258961.5
190,0.043308790041800535,1.0,9077,281022.5
191,0.048297474426831744,1.0,7913,433539.0
192,0.06154578907254188,1.0,8621,464312.0
193,0.011805899935136265,1.0,8152,498555.5
194,0.026523792338624258,1.0,7959,489021.0
195,,1.0,7678,299550.0
196,0.05901801407456015,2.0,7438,280603.5
197,,2.0,7393,256690.0
198,,2.0,6937,239670.0
199,0.01946003116522279,3.0,7049,187020.0
200,0.03418007116137846,1.0,7006,233778.0
201,0.031033671144034818,1.0,6961,161427.0
202,0.02499031188456774,1.0,7058,177405.5
203,0.019677242507910763,1.0,6927,211022.0
204,0.026389196227144366,1.0,6927,249822.0
205,0.06392999422605074,1.0,6456,289852.0
206,0.06427939421786395,1.0,6129,402820.5
207,0.07143733737242654,1.0,5802,455330.5
208,0.07268649335130321,1.0,5652,479754.0
209,0.07400751183894559,1.0,5772,437079.0
210,0.08835269525666015,1.0,5502,462315.5
211,0.09855141194538738,1.0,5505,439102.5
212,0.11123296743658848,1.0,5496,443713.0
213,0.08917752568164103,1.0,5573,441685.5
214,0.06664219488224842,1.0,5352,441826.0
215,,1.0,5560,437370.5
216,,1.0,5738,427540.5
217,0.08831017645934428,3.0,5663,420849.0
218,0.12398992677884671,1.0,5541,420685.5
219,0.11770758542012906,1.0,5288,424770.5
220,0.08334835515563202,1.0,5205,601480.5
221,0.04930021471941342,1.0,5473,639115.5
222,0.030883295115888634,1.0,5635,718354.5
223,0.0650369303344266,1.0,5649,423030.0
224,0.03455369674652321,1.0,5944,602117.5
225,0.02953491240336278,1.0,6065,398202.0
226,0.047716249553842516,1.0,6094,389462.5
227,0.032338951795584735,1.0,6157,376775.0
228,0.031169807271622826,1.0,6182,368173.0
229,0.030758620191376818,1.0,6065,401546.0
230,0.031868431643179276,1.0,6111,382161.5
231,0.03631108286984381,1.0,6075,389851.0
232,0.030998391495748533,1.0,6136,365830.5
233,0.02869368265922625,1.0,6107,377261.5
234,,1.0,6770,284027.0
235,0.0387148036011669,2.0,6765,401122.5
236,0.052071501147251106,1.0,6836,305436.0
237,0.04792181917361621,1.0,6823,370159.0
238,0.06117801033146444,1.0,6482,402979.0
239,0.05952142119491254,1.0,6001,464801.0
240,0.06368096576384731,1.0,5509,519897.5
241,0.06005249622966439,1.0,5286,561224.5
242,0.059460793320759285,1.0,5052,604068.0
243,0.05323767571508244,1.0,4895,659904.0
244,0.05203637709147858,1.0,4875,695520.5
245,0.05075961515761403,1.0,4541,739691.0
246,0.04972123166517075,1.0,4566,762917.5
247,0.0587522050901164,1.0,4941,726108.0
248,0.04615890644717856,1.0,4883,723238.0
249,0.03368666257966851,1.0,4861,735612.0
250,0.04952518813304839,1.0,4786,761724.5
251,0.04428082354911567,1.0,4619,783017.5
252,0.05601079970290808,1.0,4559,770701.0
253,0.06448633465982763,1.0,4488,784642.0
254,0.06381796473200806,1.0,4355,791467.5
255,0.062062925614243335,1.0,4116,795360.0
256,0.07004178634387692,1.0,4280,789178.0
257,0.06815964425657044,1.0,3938,804951.0
258,0.06676532544738568,1.0,4021,784614.0
259,,1.0,3945,795202.0
260,,1.0,3391,836136.0
261,,1.0,3188,989748.5
262,0.12212820715681119,4.0,2560,1075312.0
263,0.12290860492732017,1.0,2761,1075895.5
264,0.09264484869881545,1.0,3182,1094208.0
265,0.04823370417159835,1.0,3106,1098866.0
266,0.06797879552131351,1.0,3169,826860.0
267,0.01889725589578744,1.0,5079,627685.0
268,,1.0,5529,534405.5
269,0.14236033096992562,2.0,5116,575797.5
270,0.30987174038952103,1.0,4196,689572.0
271,0.3494942727601405,1.0,3625,842494.0
272,0.4509788573211548,1.0,3532,894898.0
273,0.3675854606429363,1.0,3351,957337.5
274,0.23153633014204614,1.0,3363,1085733.0
275,0.174579406387686,1.0,3365,1168986.5
276,0.22321331637613664,1.0,4202,799006.5
277,0.030299164257310465,1.0,3335,873001.5
278,0.0187695914942995,1.0,4046,817094.0
279,,1.0,3973,1173749.5
280,0.18449977469337622,2.0,2840,1217850.5
281,0.059639445412645035,1.0,1521,1338205.0
282,0.197436364940522,1.0,2112,1296291.5
283,,1.0,2398,1220548.5
284,0.2625445786718166,2.0,3417,1085785.0
285,0.22935122225837037,1.0,3950,797992.5
286,0.18973607130642506,1.0,4233,677711.5
287,0.1343465185344267,1.0,3652,741491.0
288,0.07148714346515006,1.0,4202,771615.0
289,0.07914136284592384,1.0,4629,732789.5
290,0.06774205132995013,1.0,4739,650512.0
291,0.058070482466801535,1.0,4331,668042.5
292,0.07174875905081012,1.0,4714,599108.0
293,0.052145467880837626,1.0,5179,465046.0
294,,1.0,4317,493629.0
295,,1.0,4940,357593.0
296,,1.0,4821,419140.0
297,0.1610492512084028,4.0,4762,345915.0
298,0.17979606189041647,1.0,4838,472243.0
299,0.20090734871331867,1.0,4905,384781.5
300,,1.0,5329,504732.5
301,,1.0,4053,835379.0
302,,1.0,3184,1025648.0
303,,1.0,4932,420187.5
304,,1.0,5983,227584.5
305,,1.0,4993,555177.5
306,,1.0,5428,482031.5
307,0.0912033798021626,8.0,5709,292317.0
308,,8.0,6049,302270.5
309,,8.0,6317,313245.5
310,0.12931909364696018,3.0,5894,657102.5
311,0.11359234836354934,1.0,5539,692569.0
312,0.13486029674379688,1.0,5615,752702.5
313,0.15532922031837423,1.0,5660,728581.0
314,0.1741967966735096,1.0,6146,299116.5
315,0.16628417204634105,1.0,5611,707155.5
316,0.12289404574892554,1.0,5375,586385.5
317,0.11752528090136817,1.0,5506,373925.0
318,0.15197077039732687,1.0,5454,290802.5
319,0.2172226400408924,1.0,5040,299498.5
320,0.16315904512272938,1.0,5105,504239.0
321,,1.0,5244,471860.0
322,0.08160700241389289,2.0,5408,432246.5
323,0.15273804168787872,1.0,5335,384513.5
324,0.18936328102408434,1.0,5157,430607.5
325,0.19004305556569187,1.0,5241,443890.5
326,0.19260453756685803,1.0,5121,541369.5
327,0.21659821294318338,1.0,4554,223997.5
328,,1.0,3944,963870.0
329,0.23715349915852116,2.0,5069,475672.5
330,0.19928592394691808,1.0,5105,501098.5
331,,1.0,4215,933914.0
332,0.25400307989905363,2.0,3550,999795.0
333,0.24474009181244116,1.0,3876,950459.0
334,0.2205254012699626,1.0,3842,960620.0
335,0.2262685452825934,1.0,4017,932155.5
336,0.1843160975121308,1.0,4496,994842.0
337,0.2177257661031989,1.0,4601,639335.0
338,0.2583012178603234,1.0,4674,712575.0
339,0.30940191181899385,1.0,4200,687470.0
340,0.39480475933460984,1.0,4454,727882.5
341,0.33980340374736423,1.0,4469,859762.5
342,0.2636469391786146,1.0,4566,729157.0
343,0.2373882693250392,1.0,4650,840142.0
344,0.12728407973800074,1.0,4307,823671.0
345,,1.0,4070,959967.5
346,0.19366265536771718,2.0,4268,935670.0
347,0.1302691264985157,1.0,3919,956010.5
348,0.11188299536276924,1.0,4003,773673.5
349,0.1049618887423012,1.0,4223,944699.0
350,0.12365374596892022,1.0,3361,973823.0
351,0.13277304746124022,1.0,4922,726863.5
352,0.14055047305147597,1.0,5071,755547.0
353,,1.0,4253,933280.5
354,0.22281411551771563,2.0,3782,1063943.0
355,0.11140713875647355,1.0,3424,1024288.0
356,,1.0,3871,916374.5
357,,1.0,4074,767567.5
358,,1.0,4157,677264.5
359,,1.0,4363,1052705.0
360,,1.0,3069,1172559.0
361,,1.0,5643,664405.0
362,,1.0,4916,547212.5
363,,1.0,4447,837730.5
364,0.02367063011497438,9.0,5178,398041.0
365,,9.0,5311,238887.5
366,0.2598626326575272,2.0,5443,447571.0
367,0.27680997710388805,1.0,6536,456244.0
368,0.274624238127044,1.0,6109,567031.0
369,0.17036490413079233,1.0,6000,446276.0
370,0.17915921481735894,1.0,5864,466670.0
371,0.16987990518676435,1.0,5685,436448.0
372,0.19359933321924705,1.0,5900,223716.5
373,0.20584231783309592,1.0,6085,358750.0
374,0.22221697317727138,1.0,5669,375015.5
375,0.2248863040984719,1.0,5444,391342.5
376,0.20484847174470486,1.0,5228,410797.5
377,0.19168225887552715,1.0,5906,268600.0
378,0.1608225550913912,1.0,6053,284200.0
379,0.14863041550641984,1.0,5749,482138.5
380,0.12637818800761594,1.0,5924,341368.0
381,0.12399527591690092,1.0,5623,395480.0
382,0.12573235102066285,1.0,5966,261565.5
383,0.12411543454503551,1.0,5638,476301.0
384,0.07966628128459702,1.0,4573,539439.0
385,0.10493250091261105,1.0,4652,818602.0
386,0.20554457267397075,1.0,4659,821713.5
387,,1.0,4301,912772.5
388,,1.0,4839,798443.5
389,0.07490783640588784,3.0,5028,541975.0
390,0.040393672166451844,1.0,4648,760974.0
391,0.13762583314629545,1.0,5408,549698.0
392,0.15100435985086705,1.0,4948,766792.5
393,0.0947123186779356,1.0,4772,827777.5
394,0.1202543215731282,1.0,5004,841324.0
395,,1.0,5074,828143.0
396,,1.0,5321,594914.5
397,0.07689653492753476,3.0,5293,794711.5
398,0.052497796138530096,1.0,4941,739811.5
399,0.0491148735063624,1.0,5143,795503.5
400,0.05148329958955594,1.0,5280,715236.5
401,0.09192053601427941,1.0,6171,555100.5
402,0.07002372632786485,1.0,5759,588948.0
403,0.1191824654916565,1.0,5814,483656.0
404,0.09886813193169638,1.0,5852,543715.5
405,0.08606093393892622,1.0,5182,414200.5
406,,1.0,4238,675069.0
407,,1.0,5057,494748.5
408,,1.0,6509,328263.0
409,0.04882984996231144,4.0,5464,378321.5
410,0.13523820322103747,1.0,5531,408641.5
411,0.10243491333130875,1.0,5279,407932.0
412,0.07754051463856543,1.0,5382,452644.5
413,0.060716513605094155,1.0,5748,432579.0
414,,1.0,5830,347096.5
415,,1.0,5704,405688.5
416,0.11574800958553871,3.0,5650,436281.5
417,,3.0,5017,423089.0
418,,3.0,4937,818862.0
419,,3.0,5310,442077.0
420,0.17778111594143037,4.0,5606,461216.5
421,,4.0,5271,649568.5
422,,4.0,7081,598411.0
423,,4.0,5651,392665.5
424,0.1626988220929043,4.0,4639,753342.5
425,0.1703877735603959,1.0,4520,667564.0
426,0.19364153643210075,1.0,4568,642804.0
427,0.19369122550013243,1.0,4331,692717.5
428,0.2022994803490519,1.0,4662,723718.0
429,0.2087919971061934,1.0,5533,625449.0
430,0.20852679387790093,1.0,5034,637623.5
431,0.20065765331043614,1.0,5276,601868.0
432,0.20515438807490427,1.0,5029,654517.0
433,0.19263607319828882,1.0,4874,579801.5
434,0.16917648085794293,1.0,5553,513538.0
435,,1.0,5452,593889.0
436,,1.0,5825,561442.5
437,0.10475823217908278,3.0,5713,589452.5
438,0.10277947772392927,1.0,4333,774551.5
439,0.12604720698720098,1.0,4351,704438.0
440,0.15382971472175586,1.0,4330,693030.0
441,0.14875672337585066,1.0,3724,734468.0
442,0.15029873007209132,1.0,3656,747441.5
443,0.18397321030685898,1.0,3673,723020.5
444,0.18267897339639605,1.0,4544,683668.0
445,0.19632271215879615,1.0,5550,337098.5
446,,1.0,5435,394748.0
447,0.21570956380548492,2.0,5709,177991.5
448,0.20966725155764795,1.0,5432,182142.5
449,0.2138563172538128,1.0,5000,207097.5
450,0.20961194284479603,1.0,4779,229144.5
451,0.21194688887298976,1.0,5046,480867.5
452,0.23998765798725827,1.0,5484,448291.5
453,0.2703374340765919,1.0,5010,649925.0
454,0.3003625414859184,1.0,4938,798645.0
455,0.34266770171271593,1.0,4826,816769.5
456,0.36820759682854887,1.0,4891,757968.5
457,0.399316008193582,1.0,5250,729171.0
458,0.42636642613403675,1.0,5299,742611.0
459,0.39904511928076297,1.0,5604,711569.0
460,0.3969416286868246,1.0,5464,779724.5
461,0.39765912471780995,1.0,5055,787421.0
462,0.4004136206606497,1.0,5259,756878.5
463,0.39899512153064287,1.0,5085,807027.5
464,0.39534444750266623,1.0,5533,774119.0
465,0.39947296304527863,1.0,5362,493528.5
466,0.35312325183257,1.0,5866,728376.5
467,0.3885407380829731,1.0,5899,435162.5
468,0.1395647402345825,1.0,6729,386406.0
469,,1.0,5451,492765.5
470,,1.0,4853,506426.0
471,,1.0,4814,641092.5
472,,1.0,5241,516354.0
473,,1.0,5783,460412.0
474,,1.0,5740,468014.0
475,,1.0,5121,412572.0
476,,1.0,4993,439401.5
477,,1.0,5018,587152.5
478,,1.0,4742,625564.0
479,,1.0,4817,613343.0
480,,1.0,5054,480106.5
481,,1.0,5414,470287.0
482,,1.0,5535,353793.0
483,,1.0,4564,376306.5
484,0.27626840795350927,16.0,7044,445774.0
485,0.21959120017937286,1.0,7301,390253.5
486,0.22716251795802506,1.0,6947,367701.5
487,0.22828279977804275,1.0,6345,501998.0
488,0.1327296614185538,1.0,4489,567584.5
489,0.0949321498737522,1.0,5839,450530.5
490,0.12729087864462751,1.0,5939,451552.0
491,0.034963604356567764,1.0,5788,413768.5
492,,1.0,5836,334759.5
493,0.09630839809937561,2.0,5568,270549.0
494,0.138253461932204,1.0,4658,539363.5
495,0.09105846489419275,1.0,4932,474485.0
496,0.006639564375077685,1.0,4218,652003.0
497,,1.0,3680,898169.0
498,,1.0,4328,950873.5
499,,1.0,4419,860309.5
500,,1.0,4480,813442.5
501,,1.0,5430,589743.0
502,,1.0,5846,593777.5
503,,1.0,5202,831689.5
504,,1.0,4736,824859.0
505,,1.0,5069,806808.0
506,,1.0,5097,819285.0
507,,1.0,5582,722234.5
508,,1.0,4960,798416.0
509,,1.0,4824,825403.5
510,,1.0,3319,1053153.0
511,0.13430001710360737,15.0,4549,682464.0
512,0.06464076270901213,1.0,4886,617771.5
513,0.05799956048494667,1.0,4561,588607.0
514,0.10197529244438966,1.0,4675,578416.5
515,0.012057674159818114,1.0,4496,581212.5
516,0.5248542524754654,1.0,4909,627393.0
517,0.498599180594047,1.0,5199,694403.5
518,0.2908219004593101,1.0,5497,630911.0
519,0.3306566565122813,1.0,5565,515878.5
520,0.3305975348635742,1.0,5901,414455.5
521,0.1687356121934705,1.0,5245,507913.5
522,0.09459660498708938,1.0,5309,500409.0
523,0.1623113960794635,1.0,4657,446954.5
524,0.12332957524392195,1.0,4826,815925.5
525,0.11270907494342637,1.0,4887,441321.0
526,0.07528193134708505,1.0,5288,774001.0
527,0.27805099051876614,1.0,5616,398943.0
528,0.3283804358364344,1.0,5389,459471.5
529,0.31589117358496294,1.0,5839,433439.5
530,0.32547038926238386,1.0,5526,432686.0
531,0.29281990955102294,1.0,5871,340584.0
532,0.2597527562135773,1.0,5443,478270.5
533,0.15659572029790333,1.0,4831,476899.5
534,0.08671623098004773,1.0,5431,462782.0
535,0.06047322206464109,1.0,5776,452221.0
536,0.07587530449948154,1.0,6048,363418.5
537,0.10667995739438957,1.0,5633,397756.0
538,0.17651242147247864,1.0,4852,842849.5
539,,1.0,4428,878387.0
540,0.2738954415395447,2.0,4471,470445.5
541,0.25371686448973574,1.0,3581,998958.0
542,0.13659909638924078,1.0,3228,666503.0
543,0.22374159000827643,1.0,2288,1179093.0
544,0.21732764228485243,1.0,3729,980105.0
545,0.0825197279645414,1.0,4463,426967.5
546,0.08028240604295651,1.0,4632,434648.0
547,0.11120210001523226,1.0,4883,408758.5
548,0.13303454675059667,1.0,5213,414613.5
549,,1.0,5017,595105.5
550,0.07951174177465198,2.0,5253,561651.5
551,0.06078592647400697,1.0,4878,894842.0
552,0.13360733435404568,1.0,5051,850349.0
553,0.15723399334040067,1.0,4912,433362.0
554,0.00613344465373703,1.0,4771,532532.0
555,0.16159231620532677,1.0,4846,807718.5
556,0.14921541217864648,1.0,4321,888715.0
557,0.15037603059580168,1.0,3913,725079.5
558,0.1761918913700819,1.0,4437,924377.0
559,0.17700202290244843,1.0,4920,891299.5
560,0.18202717240439364,1.0,4972,877119.0
561,0.16762264328182114,1.0,4726,863523.0
562,0.15523459275195264,1.0,4076,816878.0
563,0.07625329229670226,1.0,4531,714077.0
564,0.0872900957727827,1.0,4630,493471.0
565,0.06718791783979725,1.0,5237,458512.0
566,0.08616795902624556,1.0,5110,420451.0
567,0.08682043396087857,1.0,4968,470914.0
568,0.14675379330520047,1.0,4578,507122.5
569,0.13998366730905465,1.0,4948,731901.5
570,0.08715237423174771,1.0,4392,976518.5
571,0.030271296095679048,1.0,4290,905561.5
572,,1.0,5102,758839.0
573,,1.0,5185,840972.5
574,,1.0,4837,869741.0
575,,1.0,5057,812283.0
576,0.22803309172729672,5.0,4968,718022.0
577,0.17301956267023874,1.0,5014,607854.5
578,0.11841095780273797,1.0,5533,503575.5
579,0.10572632612615081,1.0,5749,522276.0
580,0.10980510311371232,1.0,6325,395737.0
581,0.06317548717391114,1.0,5070,641995.0
582,0.039213527215084344,1.0,4658,666613.5
583,0.04648526677242729,1.0,5251,404355.0
584,0.019603338659379105,1.0,5196,519933.0
585,0.04612344753973744,1.0,5346,560453.5
586,0.041336942690625794,1.0,5204,804190.0
587,0.050908991364929046,1.0,5258,613646.5
588,0.06099657070916672,1.0,5272,567298.0
589,0.06596363844493129,1.0,5294,567082.0
590,0.07625395584940622,1.0,5333,575028.0
591,0.07814314562404015,1.0,5465,577453.0
592,0.07950914300556332,1.0,5556,557151.5
593,0.08130778991065296,1.0,5730,588906.5
594,0.08188711571625072,1.0,5536,475602.5
595,0.08612385492985855,1.0,5858,444862.5
596,0.08840256143413637,1.0,6108,498380.0
597,0.09285444387080544,1.0,6279,501899.5
598,0.15519262412679324,1.0,6271,444579.5
599,0.1299873950267456,1.0,6529,443748.5
600,,1.0,6785,434887.0
601,,1.0,6585,429508.0
602,0.20014523950983962,3.0,6617,419984.5
603,0.172518161907589,1.0,6696,392227.0
604,0.23461757677117548,1.0,6210,481630.5
605,0.29463760451049475,1.0,6069,447617.5
606,0.23427915897518709,1.0,6717,303213.0
607,0.23456968228214162,1.0,6843,633973.5
608,0.2760134239140632,1.0,6834,701840.5
609,,1.0,6204,650031.0
610,,1.0,5977,646563.0
611,,1.0,6023,384358.5
612,,1.0,6071,801854.0
613,,1.0,6022,453435.0
614,0.04306544215942504,6.0,6257,557965.0
615,0.23645400843906308,1.0,7106,329400.5
616,0.14964657186045804,1.0,7781,180065.5
617,0.12295990933406348,1.0,8060,139490.0
618,0.09221636602469502,1.0,7881,139068.5
619,,1.0,7353,147479.0
620,0.17242699421408464,2.0,7225,181282.5
621,,2.0,7031,210906.0
622,,2.0,7227,227586.5
623,0.27791520660957647,3.0,6827,219314.5
624,,3.0,6787,200837.0
625,,3.0,6873,181066.0
626,0.20043164001797567,3.0,7123,165045.0
627,0.16853594601562052,1.0,6931,154746.0
628,0.035665920672496326,1.0,6651,184585.0
629,0.02580215409390522,1.0,6119,173804.5
630,0.16972760360496433,1.0,5712,278088.0
631,0.17039458540210237,1.0,6225,228276.5
632,0.0742464156597736,1.0,5924,375968.0
633,,1.0,6123,350699.0
634,,1.0,6584,294454.0
635,,1.0,6395,328896.0
636,,1.0,6428,304307.5
637,,1.0,6133,336999.0
638,,1.0,6150,343904.0
639,0.4696553034039583,7.0,5614,458824.0
640,0.20221140855215078,1.0,5305,463103.0
641,0.14438796168730636,1.0,5445,480651.5
642,0.1156048190807637,1.0,5832,528253.5
643,0.13322956074288234,1.0,6034,673318.0
644,0.027033270457924596,1.0,5589,576783.5
645,0.04776960913927312,1.0,6280,488433.5
646,,1.0,5290,323273.0
647,,1.0,5617,370771.0
648,,1.0,6488,356799.5
649,,1.0,6489,292992.0
650,,1.0,6852,262032.0
651,,1.0,6399,269496.5
652,,1.0,6628,356130.5
653,0.21026735582762027,8.0,6322,402325.5
654,0.19953628282657052,1.0,6288,478265.5
655,0.16361532053944566,1.0,5544,570565.5
656,0.08298207774767033,1.0,5081,545788.0
657,,1.0,6236,473281.5
658,,1.0,6708,340802.5
659,0.11425346590980626,3.0,6711,718606.0
660,0.1556039893960279,1.0,6559,584378.5
661,0.16591600319445984,1.0,6166,640241.0
662,0.170252723364076,1.0,5313,426357.5
663,0.1570550616495906,1.0,5682,404169.0
664,0.15109788860200585,1.0,5525,775918.5
665,0.10383763417619232,1.0,4762,461117.0
666,0.03350518315291159,1.0,5355,450865.0
667,0.09489777910175133,1.0,5217,441679.0
668,0.08155524272869728,1.0,5253,449297.0
669,0.03745583457105589,1.0,5808,447232.5
670,0.006960663668467765,1.0,5532,700899.5
671,,1.0,4217,896132.0
672,,1.0,3984,682778.0
673,,1.0,3743,654589.0
674,,1.0,4323,509934.0
675,,1.0,5691,393060.0
676,,1.0,4930,614370.5
677,,1.0,4673,1009835.0
678,,1.0,4510,1021714.0
679,,1.0,4935,640055.5
680,,1.0,5194,618592.5
681,,1.0,5451,610595.5
682,,1.0,5377,593260.0
683,,1.0,5451,882089.5
684,0.1261284976697323,14.0,4205,1016612.5
685,0.07637785540360363,1.0,3618,1011524.5
686,,1.0,3996,956618.5
687,,1.0,4210,951863.0
688,,1.0,5339,579861.0
689,,1.0,5436,853856.5
690,,1.0,4913,868264.0
691,,1.0,5091,559663.0
692,,1.0,4548,701703.0
693,,1.0,4385,558067.5
694,,1.0,4670,532599.0
695,,1.0,5211,516869.0
696,0.06744460198205152,11.0,4662,533163.5
697,0.02693710201534845,1.0,4586,553128.0
698,0.02272415258214629,1.0,4746,551925.0
699,,1.0,4946,516483.0
700,,1.0,4854,528648.0
701,,1.0,5422,521771.0
702,,1.0,5665,487587.5
703,,1.0,5879,703045.5
704,,1.0,5760,725501.5
705,,1.0,5353,563098.5
706,,1.0,5182,590455.5
707,0.06705422393371567,9.0,5154,591071.5
708,,9.0,5229,591718.0
709,,9.0,5205,584078.5
710,,9.0,5192,524625.5
711,,9.0,4623,740550.5
712,,9.0,5256,352775.0
713,,9.0,5046,386897.0
714,,9.0,5362,720025.5
715,,9.0,4897,498162.0
716,,9.0,4208,811963.0
717,,9.0,5241,737756.5
718,0.26694233052708455,11.0,4288,773111.0
719,,11.0,4889,685901.5
720,,11.0,4700,812247.0
721,0.05017411086800292,3.0,4503,862417.0
722,0.04976219231328952,1.0,4571,837624.5
723,0.06222908077782758,1.0,4335,772995.0
724,0.08173624866502628,1.0,4252,750284.0
725,0.08226659726881605,1.0,4264,816676.0
726,0.08264318593563953,1.0,3794,522958.5
727,0.08403334182572907,1.0,3993,867250.0
728,0.08168432702409358,1.0,4126,807827.0
729,0.08543544928389127,1.0,4194,786865.0
730,0.08670566542524641,1.0,3921,862298.5
731,0.09464592333470345,1.0,3874,878975.0
732,0.09590509202669383,1.0,4642,458633.0
733,0.09188415145731377,1.0,4565,878034.0
734,0.08927223847305599,1.0,4345,914492.5
735,0.05433480886262415,1.0,5342,777366.5
736,0.09678393649670895,1.0,5704,495677.5
737,0.08872195600191832,1.0,5631,630894.0
738,,1.0,5133,603651.0
739,,1.0,4493,721455.0
740,,1.0,4525,672459.0
741,,1.0,4203,580639.5
742,,1.0,4107,738650.5
743,,1.0,3419,885596.5
744,0.25656685225562414,7.0,3021,944921.0
745,0.253246906722984,1.0,2920,1034818.5
746,0.11283197448478613,1.0,3027,1054615.5
747,,1.0,2873,1109718.5
748,,1.0,4176,538754.0
749,,1.0,5805,396414.0
750,,1.0,5070,389412.5
751,,1.0,5950,354651.0
752,0.01845618497700861,6.0,5718,465370.0
753,,6.0,5422,548814.5
754,,6.0,5165,816326.5
755,,6.0,5285,873118.0
756,,6.0,5440,841576.5
757,,6.0,4780,914610.0
758,,6.0,4644,947694.0
759,,6.0,4025,1045637.5
760,,6.0,4667,1015545.5
761,,6.0,5175,1018165.5
762,,6.0,5019,789579.5
763,0.028287035122387044,11.0,6665,552903.0
764,0.0042984713392333245,1.0,6424,522578.0
765,,1.0,6510,677389.5
766,,1.0,5970,692324.0
767,,1.0,5772,574759.5
768,,1.0,5658,861612.0
769,,1.0,5856,540611.5
770,,1.0,6998,479056.0
771,,1.0,5876,849772.5
772,,1.0,6520,430323.5
773,,1.0,4755,954896.5
774,,1.0,5230,528000.5
775,,1.0,5015,899485.0
776,,1.0,5233,507736.5
777,,1.0,5442,475286.5
778,,1.0,5506,807299.0
779,,1.0,5615,666682.0
780,,1.0,5248,404567.5
781,,1.0,6073,294587.5
782,,1.0,6034,509957.5
783,,1.0,6405,346302.5
784,,1.0,5873,325437.5
785,,1.0,6663,308830.0
786,,1.0,7079,694197.5
787,,1.0,7498,697748.5
788,,1.0,7048,377588.5
789,,1.0,7159,354627.0
790,,1.0,7040,372648.5
791,,1.0,6699,362032.0
792,,1.0,6141,491619.5
793,,1.0,5816,743618.5
794,,1.0,5629,667227.5
795,,1.0,4789,860897.0
796,,1.0,4031,745582.5
797,,1.0,6018,506587.0
798,,1.0,5408,320144.0
799,,1.0,5843,292952.0
800,,1.0,5934,547969.0
801,,1.0,6478,437249.0
802,,1.0,6617,266954.5
803,,1.0,7808,232089.5
804,,1.0,7774,214135.5
805,,1.0,7626,198462.0
806,,1.0,7243,437931.0
807,,1.0,7494,486836.5
808,,1.0,5123,680414.0
809,,1.0,3248,861355.0
810,0.06726625366359001,46.0,4079,791166.0
811,0.08252276097267199,1.0,4410,751816.0
812,0.09089123021325346,1.0,5187,412787.5
813,0.07003006943218469,1.0,5211,660782.0
814,0.04023400370490527,1.0,5657,321929.5
815,0.024441187120332712,1.0,5110,699030.0
816,0.03222457198937698,1.0,4921,720317.5
817,0.09329248690087741,1.0,4374,805955.5
818,0.07277595723278761,1.0,5147,781771.5
819,0.012661792131889974,1.0,4396,873524.0
820,,1.0,5388,800884.0
821,0.06063005624245669,2.0,4770,828283.0
822,0.011708584564375828,1.0,4601,850043.0
823,,1.0,3832,943568.5
824,0.0874451756373641,2.0,4607,1081467.5
825,0.0888579450240608,1.0,3844,1033578.0
826,0.0708823822073555,1.0,4807,977890.5
827,0.013215596579680144,1.0,4768,609686.0
828,0.03452125763415889,1.0,4740,988236.5
829,0.05646300252518205,1.0,4245,539127.0
830,0.08065187574681026,1.0,3868,584120.0
831,0.0860207605879094,1.0,5227,449789.0
832,0.08685267477606723,1.0,5380,501385.0
833,0.08899780048726642,1.0,4983,569801.5
834,0.09695824079553639,1.0,4881,529160.0
835,0.139210849968414,1.0,4187,953525.0
836,0.1558441957567785,1.0,5050,798098.5
837,0.1559939342789199,1.0,4689,596721.5
838,0.14906868865758918,1.0,5483,573725.0
839,,1.0,4369,522092.0
840,,1.0,5966,886445.0
841,,1.0,6485,611588.0
842,,1.0,6775,545523.0
843,,1.0,7601,317339.5
844,,1.0,6173,450050.5
845,,1.0,5096,559508.5
846,,1.0,6114,450204.0
847,,1.0,6528,398214.5
848,,1.0,6278,429585.5
849,,1.0,7156,389926.0
850,,1.0,7038,404439.5
851,,1.0,5952,483758.0
852,,1.0,5811,484327.0
853,,1.0,5555,483438.5
854,,1.0,6082,415569.5
855,,1.0,6089,417202.0
856,,1.0,5690,402833.5
857,,1.0,6030,482575.0
858,,1.0,6600,304249.0
859,,1.0,6126,241525.0
860,,1.0,5350,259740.5
861,,1.0,5805,305771.5
862,,1.0,6032,364930.5
863,,1.0,6031,407177.5
864,0.0640948880174105,26.0,5594,413502.5
865,,26.0,5135,611857.0
866,,26.0,5576,410705.0
867,,26.0,5705,552278.5
868,,26.0,6044,561624.0
869,,26.0,6904,310379.5
870,,26.0,6779,345843.5
871,,26.0,5081,676136.5
872,,26.0,4611,757666.5
873,,26.0,4616,825097.0
874,,26.0,6579,287577.0
875,,26.0,7062,351838.0
876,0.02719325891188919,12.0,6634,488453.0
877,,12.0,6598,470084.5
878,,12.0,6023,555588.0
879,,12.0,5773,496122.0
880,,12.0,5614,644611.0
881,,12.0,5450,664267.0
882,0.17280734919604268,6.0,5841,319650.0
883,0.1600458260453869,1.0,5979,287725.0
884,0.15919493164905402,1.0,4881,532757.5
885,0.15020977388906054,1.0,5512,636785.0
886,0.15134494234776702,1.0,6191,294042.0
887,0.1393374634653337,1.0,5906,315628.0
888,0.10806751703548724,1.0,5630,335868.5
889,0.0979420301296275,1.0,5842,372656.0
890,0.09200490754851164,1.0,5366,315291.5
891,0.0046591163493911805,1.0,6154,311300.0
892,0.039785508170446245,1.0,5819,372270.0
893,0.013345999461198015,1.0,6358,320363.5
894,0.03445019506378859,1.0,6702,459252.0
895,0.05625571312444758,1.0,7197,192904.5
896,0.010623683989762434,1.0,7221,261630.0
897,0.06267951626475853,1.0,6906,299813.0
898,0.03591934302552534,1.0,6707,277377.5
899,0.10353471299122755,1.0,6312,383550.0
900,0.06202896624742908,1.0,5278,731003.5
901,0.086700686340557,1.0,6207,498920.5
902,0.09172494189789028,1.0,5516,373446.0
903,0.09799437558883517,1.0,5932,356703.5
904,0.12403434660992675,1.0,6011,359588.0
905,0.11989473868611282,1.0,6139,348949.0
906,0.15313592496425807,1.0,6083,344913.5
907,0.16250187062030055,1.0,5965,354102.0
908,0.14412582392378637,1.0,5905,351896.0
909,0.16511121614253493,1.0,5850,428174.5
910,0.13249906836224593,1.0,6413,316004.5
911,0.10086081372476878,1.0,5695,343948.5
912,0.06703214843672967,1.0,5784,362723.0
913,,1.0,5963,255374.5
914,,1.0,6409,343917.0
915,,1.0,6859,148341.0
916,0.15486628976633385,4.0,7589,213150.5
917,0.15339362863341124,1.0,7390,242376.5
918,,1.0,6383,369214.5
919,0.14197903528655648,2.0,5948,341661.0
920,0.19306951500279926,1.0,6458,338137.5
921,0.03701483589699806,1.0,6277,316409.0
922,0.18796358894115203,1.0,6233,377648.0
923,,1.0,6193,263044.0
924,0.2193568194774085,2.0,6759,432273.0
925,,2.0,6979,371198.0
926,,2.0,6361,418866.5
927,,2.0,6633,244972.5
928,,2.0,7214,389401.5
929,,2.0,7387,325858.0
930,,2.0,6751,435917.5
931,,2.0,7361,450417.5
932,,2.0,7683,249549.0
933,,2.0,8192,249960.5
934,,2.0,7756,271820.5
935,,2.0,6962,565668.0
936,,2.0,6364,252688.5
937,0.10619392695971064,13.0,6646,433029.5
938,0.11808531253261209,1.0,6432,479323.0
939,0.06602741531943854,1.0,5924,413816.5
940,0.12655717674727418,1.0,7387,316903.0
941,0.20467972745636465,1.0,6964,517202.5
942,0.1255505900586142,1.0,7211,608528.0
943,,1.0,6659,735941.0
944,0.16968603574648847,2.0,6285,375944.0
945,0.1562700491871485,1.0,5569,513182.5
946,0.11404102117022864,1.0,5796,395967.0
947,0.12698412826092564,1.0,6284,393408.5
948,0.11816495648578829,1.0,6319,427914.0
949,0.026545677292426663,1.0,6501,301452.0
950,0.08467680522663605,1.0,6521,520927.5
951,0.08533364783109423,1.0,6458,464580.0
952,0.08672048402762976,1.0,6412,502733.0
953,0.07854118700847379,1.0,6457,473743.5
954,,1.0,7950,255048.5
955,,1.0,8291,219535.0
956,,1.0,7921,311533.5
957,,1.0,7505,453731.5
958,,1.0,7585,214504.0
959,,1.0,6768,196713.5
960,,1.0,6612,192097.5
961,,1.0,6978,286195.5
962,,1.0,6728,415088.0
963,,1.0,6764,450278.5
964,,1.0,6454,419164.0
965,,1.0,5936,572192.0
966,,1.0,6009,625285.5
967,,1.0,6186,669590.5
968,,1.0,6321,428520.5
969,,1.0,6911,293449.0
970,,1.0,6912,365875.0
971,,1.0,7506,337055.5
972,,1.0,6886,297899.0
973,,1.0,6956,302753.5
974,,1.0,7283,287790.5
975,,1.0,8086,273804.5
976,,1.0,6392,378352.0
977,,1.0,6047,304746.0
978,,1.0,5312,403110.0
979,,1.0,6766,307979.5
980,,1.0,5966,332682.5
981,0.10024967391746517,28.0,6196,375412.5
982,,28.0,5714,312044.0
983,0.04794166235531346,2.0,7246,199595.0
984,0.1051799413638995,1.0,7699,140537.0
985,,1.0,6574,382108.5
986,0.22560996123321625,2.0,5345,600665.5
987,,2.0,6255,319730.5
988,0.1721857328694612,2.0,6134,275908.5
989,0.14367852568858608,1.0,6945,195104.5
990,0.14872012848823843,1.0,6719,163036.5
991,0.18362056913220764,1.0,6007,277183.0
992,0.12910054667258175,1.0,5894,327256.5
993,0.12085724476408606,1.0,6252,612882.5
994,0.14049640209076864,1.0,5815,576680.5
995,0.19850447884747613,1.0,5532,782432.0
996,,1.0,5532,597317.0
997,,1.0,6201,478134.5
998,,1.0,5720,465258.0
999,,1.0,6251,444375.0
1000,,1.0,8006,371752.5
1001,,1.0,6744,493120.0
1002,,1.0,6725,194011.0
1003,,1.0,6765,186727.5
1004,,1.0,7000,199411.5
1005,,1.0,6854,310200.5
1006,,1.0,6712,297610.5
1007,,1.0,7205,286559.0
1008,0.1116024069554446,13.0,7350,291665.0
1009,,13.0,7960,216381.0
1010,,13.0,7980,176863.0
1011,0.06094807810044379,3.0,8585,80363.0
1012,0.14380166420235946,1.0,8055,261189.5
1013,0.24826793412302994,1.0,7510,421997.0
1014,,1.0,7492,294505.0
1015,0.0523939038676663,2.0,7221,353251.0
1016,,2.0,7356,311940.0
1017,,2.0,8154,175975.0
1018,0.13973829746246452,3.0,7897,343180.0
1019,0.03564737834619952,1.0,7426,476325.5
1020,0.07490613460872868,1.0,7158,256820.5
1021,,1.0,8016,130928.5
1022,0.07027105400598509,2.0,8042,128632.5
1023,0.0659214130390178,1.0,7804,180581.0
1024,0.07444912069404377,1.0,6962,306431.0
1025,0.07217402040071612,1.0,7381,322821.5
1026,0.05707655579418603,1.0,7382,388511.5
1027,0.0364853419645608,1.0,7141,273539.5
1028,0.02987701422028169,1.0,6892,279690.0
1029,0.07512881128560807,1.0,6816,326411.5
1030,0.08335135968982392,1.0,6706,347853.0
1031,,1.0,6815,312834.5
1032,,1.0,7334,279145.5
1033,,1.0,7641,169315.5
1034,,1.0,7843,86192.5
1035,,1.0,7536,292557.0
1036,,1.0,7808,333748.0
1037,,1.0,7487,326728.0
1038,,1.0,7700,224702.5
1039,,1.0,7851,141235.5
1040,,1.0,7491,369307.0
1041,,1.0,7293,282982.0
1042,,1.0,7327,251708.0
1043,,1.0,7429,150312.0
1044,,1.0,6403,461648.5
1045,,1.0,6919,312076.0
1046,,1.0,7131,468942.0
1047,,1.0,7304,367791.5
1048,0.03708251597033353,18.0,7004,455426.0
1049,0.039935483081049016,1.0,6851,295964.0
1050,,1.0,6685,305511.0
1051,,1.0,6874,309381.0
1052,0.042481615235855946,3.0,7116,316050.5
1053,,3.0,7564,323246.0
1054,,3.0,7364,321144.0
1055,,3.0,7246,339803.5
1056,,3.0,6807,356970.0
1057,0.03417486624704442,5.0,6621,373517.0
1058,,5.0,6430,360500.0
1059,0.026792354614221775,2.0,7061,310675.5
1060,,2.0,6742,363788.5
1061,,2.0,5774,638090.5
1062,,2.0,6530,418678.0
1063,,2.0,6594,410402.5
1064,,2.0,6822,415135.5
1065,,2.0,6749,416124.5
1066,,2.0,6748,438009.0
1067,,2.0,6508,456621.5
1068,,2.0,7124,418560.5
1069,,2.0,7278,404087.0
1070,,2.0,7545,403809.0
1071,,2.0,7838,339968.5
1072,,2.0,7568,417017.0
1073,,2.0,7434,409072.0
1074,,2.0,7646,372547.5
1075,,2.0,7613,370218.0
1076,,2.0,7649,368574.0
1077,,2.0,7466,352952.0
1078,,2.0,7346,383036.5
1079,,2.0,7201,403261.5
1080,0.09023806414153841,21.0,7438,399806.0
1081,0.08750627183563674,1.0,7506,377628.0
1082,0.07409183030431962,1.0,7041,294305.5
1083,,1.0,6493,293561.5
1084,,1.0,6806,300099.0
1085,,1.0,7259,294556.0
1086,,1.0,7341,323513.0
1087,,1.0,7332,338122.0
1088,,1.0,7399,333377.5
1089,,1.0,7760,312183.0
1090,,1.0,7709,320802.5
1091,,1.0,7925,294807.0
1092,,1.0,7652,291256.5
1093,,1.0,6999,308282.5
1094,,1.0,6831,324679.5
1095,,1.0,7087,326141.5
1096,,1.0,7449,341541.5
1097,,1.0,7508,344111.5
1098,,1.0,7242,339300.5
1099,,1.0,7003,332039.0
1100,,1.0,7552,287803.0
1101,,1.0,7542,161623.5
1102,,1.0,7689,201522.5
1103,,1.0,7715,278258.0
1104,,1.0,7258,289472.5
1105,,1.0,7172,167366.0
1106,,1.0,6813,182443.5
1107,,1.0,6606,200556.0
1108,,1.0,6587,209641.5
1109,,1.0,6731,219534.0
1110,,1.0,6698,285549.0
1111,,1.0,6865,284127.0
1112,,1.0,6941,295750.5
1113,,1.0,7124,268909.5
1114,,1.0,7877,234417.5
1115,,1.0,7717,135832.5
1116,,1.0,7504,213012.5
1117,,1.0,7646,186619.5
1118,0.03167329601433139,36.0,7834,206363.0
1119,0.023158260734185084,1.0,6988,267730.5
1120,0.01590060619200458,1.0,6772,282295.0
1121,0.05513007188650762,1.0,6778,281820.5
1122,0.004461986909412431,1.0,6554,284217.5
1123,0.007267941139019825,1.0,6993,288266.0
1124,0.058575490719427435,1.0,7207,284834.0
1125,,1.0,7054,291558.5
1126,,1.0,6657,292792.5
1127,,1.0,6562,282464.0
1128,,1.0,7678,216045.0
1129,0.133470356277877,5.0,7969,162275.0
1130,,5.0,7517,176955.0
1131,,5.0,6838,246946.5
1132,,5.0,6482,246646.5
1133,,5.0,6357,241026.0
1134,,5.0,6339,252305.0
1135,,5.0,6322,255624.5
1136,0.0564217579214049,7.0,6780,255609.0
1137,,7.0,6860,240803.5
1138,,7.0,7043,213572.5
1139,0.061989340979517644,3.0,7785,213959.0
1140,,3.0,7870,172031.5
1141,,3.0,8027,151679.0
1142,0.08370944941840637,3.0,7734,149826.5
1143,,3.0,7859,196308.0
1144,,3.0,8028,205259.5
1145,0.06517965091442834,3.0,8572,126256.0
1146,0.05717333986796822,1.0,7650,127527.0
1147,,1.0,7918,149213.5
1148,,1.0,7533,120680.0
1149,,1.0,7327,131708.5
1150,,1.0,7444,110243.0
1151,,1.0,7484,314195.5
1152,,1.0,7810,172203.5
1153,0.0029806825066706123,7.0,8110,155422.0
1154,,7.0,8113,283611.5
1155,,7.0,8220,283960.5
1156,,7.0,7944,162957.0
1157,,7.0,7393,132447.5
1158,0.036195206550178376,5.0,7272,154026.5
1159,,5.0,6695,211502.5
1160,,5.0,7171,245336.5
1161,,5.0,7135,351425.5
1162,,5.0,7494,217025.5
1163,,5.0,7922,256272.5
1164,,5.0,7352,262586.5
1165,,5.0,7033,242209.5
1166,,5.0,7522,149249.5
1167,,5.0,6865,320319.0
1168,,5.0,6759,336613.0
1169,,5.0,6803,297773.0
1170,,5.0,6574,295220.0
1171,,5.0,6563,225159.5
1172,0.014576124931447745,14.0,6876,146567.0
1173,0.02799222573260913,1.0,6515,103793.0
1174,0.020703491248162707,1.0,5854,146550.5
1175,0.02614320926728715,1.0,5911,136292.0
1176,0.016991542895915833,1.0,6092,165526.5
1177,0.029262185520278525,1.0,6249,202901.0
1178,0.07688612810196416,1.0,6046,201646.0
1179,0.09392640347312917,1.0,5911,196241.0
1180,0.08446103865514991,1.0,5434,391771.0
1181,0.06971399346458264,1.0,6150,291216.5
1182,0.056700576915188025,1.0,6106,96449.0
1183,0.01753169538481341,1.0,5977,115118.0
1184,0.015180953946390286,1.0,6361,113532.0
1185,0.037999981470481316,1.0,6614,120542.0
1186,0.04254553089398163,1.0,7115,311480.5
1187,0.04822209120414312,1.0,8325,148615.5
1188,0.06522984176976225,1.0,7695,92488.5
1189,0.07378078631821067,1.0,8125,82108.0
1190,0.08392288162065879,1.0,7561,140794.5
1191,0.0938446644378357,1.0,7792,135050.5
1192,0.09705228667558943,1.0,7930,136879.5
1193,0.11215102673433792,1.0,8185,135236.5
1194,0.09057039422391955,1.0,8129,262240.0
1195,0.11223660812825725,1.0,7931,229682.0
1196,0.07669716377323824,1.0,7974,154203.0
1197,,1.0,7627,174208.5
1198,,1.0,6688,143500.0
1199,0.07435241983072574,3.0,6765,170860.5
1200,0.03122856479582547,1.0,7399,190724.5
1201,,1.0,8353,214894.0
1202,,1.0,6765,163070.0
1203,,1.0,6804,105944.0
1204,,1.0,6197,306451.5
1205,,1.0,6209,280966.5
1206,,1.0,6325,125432.5
1207,,1.0,6666,96757.5
1208,,1.0,6956,80100.0
1209,,1.0,7241,89534.0
1210,,1.0,7219,75023.0
1211,,1.0,7186,104072.5
1212,,1.0,7411,115814.0
1213,,1.0,7124,116792.5
1214,,1.0,7307,129851.5
1215,,1.0,7265,237844.0
1216,,1.0,6900,284353.0
1217,,1.0,6621,268452.0
1218,,1.0,6989,260467.5
1219,,1.0,6617,275119.5
1220,,1.0,6911,263149.5
1221,,1.0,7395,339513.5
1222,,1.0,7535,410093.5
1223,,1.0,7604,318552.0
1224,,1.0,7552,341828.5
1225,,1.0,7283,419064.0
1226,,1.0,7193,449546.5
1227,,1.0,7449,402887.5
1228,,1.0,7911,340680.5
1229,,1.0,8018,158470.5
1230,,1.0,7276,415109.5
1231,,1.0,7347,392515.5
1232,,1.0,6498,395400.5
1233,,1.0,7280,321433.0
1234,,1.0,7427,262710.5
1235,,1.0,6835,395060.0
1236,,1.0,6557,432445.0
1237,,1.0,6165,336869.5
1238,,1.0,7577,462871.0
1239,,1.0,7665,435139.5
1240,,1.0,7820,453907.5
1241,,1.0,7819,788724.5
1242,,1.0,6277,958746.0
1243,,1.0,2839,1275841.0
1244,,1.0,1446,1416452.5
